skin_tone,hex,r,g,b,color_name
Deepest Skin,#EA807D,234,128,125,Salmon
Deepest Skin,#FB6A91,251,106,145,Pink
Deepest Skin,#0302CC,3,2,204,Navy
Deepest Skin,#6CE814,108,232,20,Lime
Deepest Skin,#8EDD77,142,221,119,Mint
Deepest Skin,#AD1A82,173,26,130,Plum
Deepest Skin,#893CF4,137,60,244,Purple
Deepest Skin,#642EE3,100,46,227,Purple
Deepest Skin,#EB4B0A,235,75,10,Orange
Deepest Skin,#D744C5,215,68,197,Pink
Deepest Skin,#DA1DF0,218,29,240,Violet
Deepest Skin,#3D7EE8,61,126,232,Blue
Deepest Skin,#27BDA3,39,189,163,Turquoise
Deepest Skin,#51A9E4,81,169,228,Turquoise
Deepest Skin,#D838DD,216,56,221,Pink
Deepest Skin,#F865B1,248,101,177,Pink
Deepest Skin,#914FE9,145,79,233,Purple
Deepest Skin,#E073D1,224,115,209,Pink
Deepest Skin,#AC1BE4,172,27,228,Purple
Deepest Skin,#7736FF,119,54,255,Purple
Deepest Skin,#E5B262,229,178,98,Tan
Deepest Skin,#B7CF22,183,207,34,Gold
Deepest Skin,#FC7219,252,114,25,Orange
Deepest Skin,#B9DA12,185,218,18,Lime
Deepest Skin,#DC21A0,220,33,160,Hot Pink
Deepest Skin,#2055FC,32,85,252,Blue
Deepest Skin,#24FA79,36,250,121,Turquoise
Deepest Skin,#CF7D28,207,125,40,Copper
Deepest Skin,#D47049,212,112,73,Copper
Deepest Skin,#0F9EF5,15,158,245,Blue
Deepest Skin,#B1C727,177,199,39,Gold
Deepest Skin,#1E1FC2,30,31,194,Navy
Deepest Skin,#B02E27,176,46,39,Brown
Deepest Skin,#38CCD8,56,204,216,Turquoise
Deepest Skin,#D7752B,215,117,43,Copper
Deepest Skin,#E52AD2,229,42,210,Hot Pink
Deepest Skin,#3DE29B,61,226,155,Turquoise
Deepest Skin,#E20E38,226,14,56,Red
Deepest Skin,#E356EB,227,86,235,Pink
Deepest Skin,#A9D22E,169,210,46,Gold
Medium Brown,#FF1C74,255,28,116,Hot Pink
Medium Brown,#4028A7,64,40,167,Indigo
Medium Brown,#BFC805,191,200,5,Lime
Medium Brown,#9F3B2D,159,59,45,Brown
Medium Brown,#C44FE8,196,79,232,Purple
Medium Brown,#4D96D6,77,150,214,Blue
Medium Brown,#39B678,57,182,120,Teal
Medium Brown,#2DFF04,45,255,4,Green
Medium Brown,#EA4541,234,69,65,Red
Medium Brown,#1DB1A7,29,177,167,Teal
Medium Brown,#EB2750,235,39,80,Red
Medium Brown,#30B672,48,182,114,Teal
Medium Brown,#86B43E,134,180,62,Gold
Medium Brown,#DF0425,223,4,37,Red
Medium Brown,#1CDA08,28,218,8,Green
Medium Brown,#DC44C6,220,68,198,Pink
Medium Brown,#288CF5,40,140,245,Blue
Medium Brown,#42AAB2,66,170,178,Turquoise
Medium Brown,#2EE97E,46,233,126,Turquoise
Medium Brown,#AD4DF1,173,77,241,Purple
Medium Brown,#3B38E8,59,56,232,Purple
Medium Brown,#D229EE,210,41,238,Purple
Medium Brown,#35C620,53,198,32,Green
Medium Brown,#820DE0,130,13,224,Violet
Medium Brown,#A63E5E,166,62,94,Plum
Medium Brown,#73309E,115,48,158,Plum
Medium Brown,#CDC304,205,195,4,Yellow
Medium Brown,#4355B4,67,85,180,Plum
Medium Brown,#55E29F,85,226,159,Turquoise
Medium Brown,#46BFDA,70,191,218,Turquoise
Medium Brown,#C64148,198,65,72,Red
Medium Brown,#D50847,213,8,71,Red
Medium Brown,#5F15C7,95,21,199,Purple
Medium Brown,#E16AC4,225,106,196,Pink
Medium Brown,#40BA81,64,186,129,Teal
Medium Brown,#E452CF,228,82,207,Pink
Medium Brown,#E52147,229,33,71,Red
Medium Brown,#6FC01D,111,192,29,Olive
Medium Brown,#F2707B,242,112,123,Salmon
Medium Brown,#9B2BC1,155,43,193,Purple
Light Fair,#BEDC85,190,220,133,Tan
Light Fair,#A5CD9E,165,205,158,Seafoam
Light Fair,#CDD5AC,205,213,172,Tan
Light Fair,#E3BAED,227,186,237,Lavender
Light Fair,#D2B2AB,210,178,171,Tan
Light Fair,#A3CEBF,163,206,191,Seafoam
Light Fair,#F3EBF0,243,235,240,Lavender
Light Fair,#A7D1E5,167,209,229,Sky Blue
Light Fair,#CAD692,202,214,146,Tan
Light Fair,#B8D36E,184,211,110,Tan
Light Fair,#D2CFE3,210,207,227,Lavender
Light Fair,#DFC4EC,223,196,236,Lavender
Light Fair,#BEE1A1,190,225,161,Seafoam
Light Fair,#CADDF1,202,221,241,Lavender
Light Fair,#C9E8E8,201,232,232,Lavender
Light Fair,#9CD0C0,156,208,192,Seafoam
Light Fair,#A2D69F,162,214,159,Seafoam
Light Fair,#E1E4EF,225,228,239,Lavender
Light Fair,#BAE0AD,186,224,173,Seafoam
Light Fair,#E6D0E6,230,208,230,Lavender
Light Fair,#DBC7E8,219,199,232,Lavender
Light Fair,#C0B9E4,192,185,228,Sky Blue
Light Fair,#EECCE1,238,204,225,Lavender
Light Fair,#B7ECC9,183,236,201,Seafoam
Light Fair,#BFC786,191,199,134,Tan
Light Fair,#D6C4AB,214,196,171,Tan
Light Fair,#D1C358,209,195,88,Gold
Light Fair,#D8B5A9,216,181,169,Tan
Light Fair,#DEE7C6,222,231,198,Beige
Light Fair,#A8C7E8,168,199,232,Sky Blue
Light Fair,#8BE089,139,224,137,Mint
Light Fair,#B7CCE1,183,204,225,Seafoam
Light Fair,#C4BAB9,196,186,185,Tan
Light Fair,#9BE290,155,226,144,Mint
Light Fair,#B4E5DE,180,229,222,Seafoam
Light Fair,#D7D9CD,215,217,205,Beige
Light Fair,#D3E3BB,211,227,187,Peach
Light Fair,#E8EDCA,232,237,202,Beige
Light Fair,#F3E1F6,243,225,246,Lavender
Light Fair,#D5CDB9,213,205,185,Peach
Pale,#8BD0D7,139,208,215,Sky Blue
Pale,#ABC6CA,171,198,202,Seafoam
Pale,#D5CCB0,213,204,176,Tan
Pale,#D4B2D3,212,178,211,Peach
Pale,#B0D8C7,176,216,199,Seafoam
Pale,#B8C688,184,198,136,Tan
Pale,#CFB2E0,207,178,224,Lavender
Pale,#BDCD6F,189,205,111,Tan
Pale,#D5D89A,213,216,154,Tan
Pale,#C4D695,196,214,149,Tan
Pale,#C5C4E4,197,196,228,Lavender
Pale,#B3D9DB,179,217,219,Seafoam
Pale,#D1B9D1,209,185,209,Peach
Pale,#BDD492,189,212,146,Tan
Pale,#DEDAE6,222,218,230,Lavender
Pale,#D5D8C6,213,216,198,Peach
Pale,#F6F4E4,246,244,228,Beige
Pale,#C9CA94,201,202,148,Tan
Pale,#CED3DE,206,211,222,Lavender
Pale,#D6B5CC,214,181,204,Peach
Pale,#BED685,190,214,133,Tan
Pale,#D4E3EB,212,227,235,Lavender
Pale,#C0C6C7,192,198,199,Seafoam
Pale,#E9D9C3,233,217,195,Peach
Pale,#C6BE9B,198,190,155,Tan
Pale,#DDD0CA,221,208,202,Peach
Pale,#A9CBC6,169,203,198,Seafoam
Pale,#E8C0DC,232,192,220,Lavender
Pale,#D8CABF,216,202,191,Peach
Pale,#AAD0AC,170,208,172,Seafoam
Pale,#BDC3B1,189,195,177,Tan
Pale,#95CCD9,149,204,217,Sky Blue
Pale,#E7E8DD,231,232,221,Beige
Pale,#9ED88A,158,216,138,Mint
Pale,#EBCDDB,235,205,219,Lavender
Pale,#BDCEC8,189,206,200,Seafoam
Pale,#C0C8EA,192,200,234,Lavender
Pale,#DABAB3,218,186,179,Tan
Pale,#BBDAB4,187,218,180,Seafoam
Pale,#CBD0AD,203,208,173,Tan
Very Deep,#98C10D,152,193,13,Olive
Very Deep,#64C50C,100,197,12,Olive
Very Deep,#DF3CFE,223,60,254,Purple
Very Deep,#365BC8,54,91,200,Blue
Very Deep,#3A25B0,58,37,176,Indigo
Very Deep,#AAC711,170,199,17,Gold
Very Deep,#E6BF10,230,191,16,Yellow
Very Deep,#D86BD7,216,107,215,Pink
Very Deep,#B11CCF,177,28,207,Violet
Very Deep,#B2055E,178,5,94,Red
Very Deep,#15FCCC,21,252,204,Turquoise
Very Deep,#ED2E0F,237,46,15,Red
Very Deep,#317CEF,49,124,239,Blue
Very Deep,#28C1F1,40,193,241,Turquoise
Very Deep,#DC7A07,220,122,7,Orange
Very Deep,#7B17BF,123,23,191,Violet
Very Deep,#6932F9,105,50,249,Purple
Very Deep,#F76790,247,103,144,Pink
Very Deep,#C52466,197,36,102,Red
Very Deep,#88DD83,136,221,131,Mint
Very Deep,#4663F9,70,99,249,Blue
Very Deep,#1D53AE,29,83,174,Teal
Very Deep,#ED8297,237,130,151,Salmon
Very Deep,#F7A874,247,168,116,Salmon
Very Deep,#02BB69,2,187,105,Teal
Very Deep,#A82A42,168,42,66,Red
Very Deep,#78EB38,120,235,56,Lime
Very Deep,#BA2E93,186,46,147,Plum
Very Deep,#0661EF,6,97,239,Blue
Very Deep,#CB9E14,203,158,20,Gold
Very Deep,#9F1FC0,159,31,192,Violet
Very Deep,#E23626,226,54,38,Red
Very Deep,#1D89FC,29,137,252,Blue
Very Deep,#219F89,33,159,137,Teal
Very Deep,#F94066,249,64,102,Hot Pink
Very Deep,#D47E38,212,126,56,Copper
Very Deep,#2F2CD2,47,44,210,Purple
Very Deep,#BC169C,188,22,156,Hot Pink
Very Deep,#F276D5,242,118,213,Pink
Very Deep,#F28E10,242,142,16,Orange
Deep Brown,#4FF587,79,245,135,Mint
Deep Brown,#E78E06,231,142,6,Orange
Deep Brown,#24C19E,36,193,158,Turquoise
Deep Brown,#85B4F2,133,180,242,Sky Blue
Deep Brown,#17CD71,23,205,113,Teal
Deep Brown,#4FFB49,79,251,73,Mint
Deep Brown,#25E884,37,232,132,Turquoise
Deep Brown,#CB3270,203,50,112,Red
Deep Brown,#58DFC5,88,223,197,Turquoise
Deep Brown,#E30879,227,8,121,Hot Pink
Deep Brown,#C85137,200,81,55,Copper
Deep Brown,#E72979,231,41,121,Hot Pink
Deep Brown,#BE7318,190,115,24,Copper
Deep Brown,#70A9DC,112,169,220,Sky Blue
Deep Brown,#0CF26A,12,242,106,Turquoise
Deep Brown,#AF3D1C,175,61,28,Brown
Deep Brown,#3FBF14,63,191,20,Green
Deep Brown,#E0030D,224,3,13,Red
Deep Brown,#1499CF,20,153,207,Blue
Deep Brown,#BE0C1D,190,12,29,Red
Deep Brown,#FF357D,255,53,125,Hot Pink
Deep Brown,#4F87CC,79,135,204,Blue
Deep Brown,#54AFC6,84,175,198,Turquoise
Deep Brown,#D95F9A,217,95,154,Pink
Deep Brown,#47DD0C,71,221,12,Green
Deep Brown,#F65C6A,246,92,106,Salmon
Deep Brown,#FC63C5,252,99,197,Pink
Deep Brown,#05E0D2,5,224,210,Aqua
Deep Brown,#FF01C1,255,1,193,Hot Pink
Deep Brown,#AA204B,170,32,75,Red
Deep Brown,#C90628,201,6,40,Red
Deep Brown,#D16F19,209,111,25,Copper
Deep Brown,#E84FBF,232,79,191,Pink
Deep Brown,#D418C0,212,24,192,Hot Pink
Deep Brown,#E81832,232,24,50,Red
Deep Brown,#88C4F0,136,196,240,Sky Blue
Deep Brown,#1A8ACC,26,138,204,Blue
Deep Brown,#38D0AD,56,208,173,Turquoise
Deep Brown,#79D266,121,210,102,Mint
Deep Brown,#365EF7,54,94,247,Blue
Tan,#65F3B1,101,243,177,Turquoise
Tan,#46FF8C,70,255,140,Turquoise
Tan,#BBF856,187,248,86,Mint
Tan,#67FC5F,103,252,95,Mint
Tan,#E0F81E,224,248,30,Lime
Tan,#76F765,118,247,101,Mint
Tan,#9BD583,155,213,131,Mint
Tan,#52F6F0,82,246,240,Turquoise
Tan,#A7EEE9,167,238,233,Seafoam
Tan,#F89EF4,248,158,244,Lavender
Tan,#E7F8B2,231,248,178,Cream
Tan,#CDE268,205,226,104,Tan
Tan,#FABD81,250,189,129,Tan
Tan,#B3F18B,179,241,139,Mint
Tan,#F6BDCA,246,189,202,Peach
Tan,#D9D934,217,217,52,Gold
Tan,#D1E9B1,209,233,177,Peach
Tan,#C9B6E6,201,182,230,Lavender
Tan,#CCD0EF,204,208,239,Lavender
Tan,#F9D8B2,249,216,178,Peach
Tan,#FCF23F,252,242,63,Yellow
Tan,#FCC473,252,196,115,Tan
Tan,#DDEF02,221,239,2,Lime
Tan,#E0D676,224,214,118,Tan
Tan,#EEB94E,238,185,78,Gold
Tan,#E0D04C,224,208,76,Gold
Tan,#FEB468,254,180,104,Salmon
Tan,#CFF633,207,246,51,Lime
Tan,#C7F71A,199,247,26,Lime
Tan,#FCCAF0,252,202,240,Lavender
Tan,#EDBE81,237,190,129,Tan
Tan,#EBF025,235,240,37,Yellow
Tan,#A9ECA8,169,236,168,Seafoam
Tan,#8FF74A,143,247,74,Mint
Tan,#F9B465,249,180,101,Salmon
Tan,#A2ED48,162,237,72,Lime
Tan,#CEFB25,206,251,37,Lime
Tan,#E0D3F8,224,211,248,Lavender
Tan,#F8E700,248,231,0,Yellow
Tan,#9DF90D,157,249,13,Lime
Light Tan,#AAD9A1,170,217,161,Seafoam
Light Tan,#FBB66B,251,182,107,Tan
Light Tan,#F6E93D,246,233,61,Yellow
Light Tan,#DAE68D,218,230,141,Tan
Light Tan,#51EAED,81,234,237,Turquoise
Light Tan,#DADDFD,218,221,253,Lavender
Light Tan,#81ECEE,129,236,238,Sky Blue
Light Tan,#FCCAF0,252,202,240,Lavender
Light Tan,#C6E648,198,230,72,Gold
Light Tan,#B9FA37,185,250,55,Lime
Light Tan,#B6DF85,182,223,133,Mint
Light Tan,#8AFD0D,138,253,13,Lime
Light Tan,#F1B686,241,182,134,Tan
Light Tan,#FAAFEF,250,175,239,Lavender
Light Tan,#B7E142,183,225,66,Gold
Light Tan,#D5E39B,213,227,155,Tan
Light Tan,#EDD6F3,237,214,243,Lavender
Light Tan,#E2CA6D,226,202,109,Tan
Light Tan,#54EBF8,84,235,248,Turquoise
Light Tan,#F4AFCF,244,175,207,Peach
Light Tan,#D1ECFE,209,236,254,Lavender
Light Tan,#E6B9ED,230,185,237,Lavender
Light Tan,#D4CD52,212,205,82,Gold
Light Tan,#F3CF08,243,207,8,Yellow
Light Tan,#D9C4EE,217,196,238,Lavender
Light Tan,#E4DF36,228,223,54,Gold
Light Tan,#FAE79D,250,231,157,Peach
Light Tan,#BAE292,186,226,146,Mint
Light Tan,#5BFE58,91,254,88,Mint
Light Tan,#BCF7C5,188,247,197,Seafoam
Light Tan,#FCBAE1,252,186,225,Peach
Light Tan,#EBFFDF,235,255,223,Beige
Light Tan,#F7F0D2,247,240,210,Beige
Light Tan,#B3F729,179,247,41,Lime
Light Tan,#B9F3AB,185,243,171,Seafoam
Light Tan,#7DDFB8,125,223,184,Seafoam
Light Tan,#C9C88D,201,200,141,Tan
Light Tan,#F5C6C3,245,198,195,Peach
Light Tan,#9BEA34,155,234,52,Lime
Light Tan,#CCFDB9,204,253,185,Seafoam
Medium Fair,#DBE5B9,219,229,185,Peach
Medium Fair,#CBD7BB,203,215,187,Seafoam
Medium Fair,#DFB2B8,223,178,184,Tan
Medium Fair,#B3D8B3,179,216,179,Seafoam
Medium Fair,#CEDAE8,206,218,232,Lavender
Medium Fair,#DCD592,220,213,146,Tan
Medium Fair,#F1D3D5,241,211,213,Peach
Medium Fair,#C2E4A1,194,228,161,Seafoam
Medium Fair,#C0C09C,192,192,156,Tan
Medium Fair,#B4BDEF,180,189,239,Sky Blue
Medium Fair,#B3D6E2,179,214,226,Seafoam
Medium Fair,#E4C194,228,193,148,Tan
Medium Fair,#92DBDB,146,219,219,Sky Blue
Medium Fair,#C7BCB7,199,188,183,Tan
Medium Fair,#E6DBEB,230,219,235,Lavender
Medium Fair,#DCE7A8,220,231,168,Peach
Medium Fair,#E4F7EB,228,247,235,Lavender
Medium Fair,#F1EFD7,241,239,215,Beige
Medium Fair,#E0BBD6,224,187,214,Peach
Medium Fair,#78DCC9,120,220,201,Sky Blue
Medium Fair,#93DF96,147,223,150,Mint
Medium Fair,#CBD54D,203,213,77,Gold
Medium Fair,#CFC4DC,207,196,220,Lavender
Medium Fair,#DEA9E8,222,169,232,Lavender
Medium Fair,#C4C19F,196,193,159,Tan
Medium Fair,#D7B9B6,215,185,182,Tan
Medium Fair,#B0D65C,176,214,92,Gold
Medium Fair,#CDCB71,205,203,113,Tan
Medium Fair,#AFBEC6,175,190,198,Seafoam
Medium Fair,#B7D7D0,183,215,208,Seafoam
Medium Fair,#E3C9B1,227,201,177,Peach
Medium Fair,#B0D593,176,213,147,Tan
Medium Fair,#82DEA4,130,222,164,Seafoam
Medium Fair,#E1B384,225,179,132,Tan
Medium Fair,#DDCEC1,221,206,193,Peach
Medium Fair,#89DAD1,137,218,209,Sky Blue
Medium Fair,#9BE290,155,226,144,Mint
Medium Fair,#D8C4D6,216,196,214,Lavender
Medium Fair,#DBB4B9,219,180,185,Tan
Medium Fair,#D8D9F4,216,217,244,Lavender
Warm Fair,#E4E9E9,228,233,233,Lavender
Warm Fair,#9FDBDB,159,219,219,Seafoam
Warm Fair,#93DF96,147,223,150,Mint
Warm Fair,#AECFB8,174,207,184,Seafoam
Warm Fair,#ABCCE1,171,204,225,Sky Blue
Warm Fair,#B4CCE7,180,204,231,Sky Blue
Warm Fair,#E4DDA5,228,221,165,Peach
Warm Fair,#E9F6E5,233,246,229,Beige
Warm Fair,#AFE7B7,175,231,183,Seafoam
Warm Fair,#BBD9A2,187,217,162,Seafoam
Warm Fair,#F6F6E5,246,246,229,Beige
Warm Fair,#E2EAF1,226,234,241,Lavender
Warm Fair,#ABC6D9,171,198,217,Seafoam
Warm Fair,#DDD0BA,221,208,186,Peach
Warm Fair,#CFC5A6,207,197,166,Tan
Warm Fair,#D9B5C4,217,181,196,Peach
Warm Fair,#9AD496,154,212,150,Mint
Warm Fair,#D6D1CE,214,209,206,Peach
Warm Fair,#D0CEBD,208,206,189,Peach
Warm Fair,#C7BDE3,199,189,227,Lavender
Warm Fair,#A2DDAC,162,221,172,Seafoam
Warm Fair,#BDD1B8,189,209,184,Seafoam
Warm Fair,#F2E8D7,242,232,215,Beige
Warm Fair,#C7C9CA,199,201,202,Seafoam
Warm Fair,#CECCA3,206,204,163,Tan
Warm Fair,#E4B0B5,228,176,181,Tan
Warm Fair,#ECCBE9,236,203,233,Lavender
Warm Fair,#BCC693,188,198,147,Tan
Warm Fair,#9AD4BC,154,212,188,Seafoam
Warm Fair,#BECB5D,190,203,93,Gold
Warm Fair,#E3A3DE,227,163,222,Peach
Warm Fair,#E7BBD8,231,187,216,Peach
Warm Fair,#E5A7B3,229,167,179,Tan
Warm Fair,#B9E3AE,185,227,174,Seafoam
Warm Fair,#B6C68F,182,198,143,Tan
Warm Fair,#E4C8ED,228,200,237,Lavender
Warm Fair,#ADD5B6,173,213,182,Seafoam
Warm Fair,#A7E4BC,167,228,188,Seafoam
Warm Fair,#8DD7CE,141,215,206,Seafoam
Warm Fair,#8ADADB,138,218,219,Sky Blue
Very Fair,#EBD7EE,235,215,238,Lavender
Very Fair,#D1BFDA,209,191,218,Lavender
Very Fair,#E0D9D4,224,217,212,Beige
Very Fair,#DBC3B3,219,195,179,Tan
Very Fair,#D8D2EB,216,210,235,Lavender
Very Fair,#E2E4B3,226,228,179,Peach
Very Fair,#D6C2BD,214,194,189,Peach
Very Fair,#D5C5B5,213,197,181,Tan
Very Fair,#D8C79C,216,199,156,Tan
Very Fair,#AEE3AC,174,227,172,Seafoam
Very Fair,#E9D6CB,233,214,203,Peach
Very Fair,#D2DEF0,210,222,240,Lavender
Very Fair,#D8CABF,216,202,191,Peach
Very Fair,#E6CFD8,230,207,216,Lavender
Very Fair,#D2D8D4,210,216,212,Lavender
Very Fair,#C5B9C0,197,185,192,Tan
Very Fair,#D0B3B5,208,179,181,Tan
Very Fair,#EDF0E4,237,240,228,Beige
Very Fair,#B7CCE1,183,204,225,Seafoam
Very Fair,#E0CBDD,224,203,221,Lavender
Very Fair,#B8BFDC,184,191,220,Seafoam
Very Fair,#E7E1ED,231,225,237,Lavender
Very Fair,#B6D1BD,182,209,189,Seafoam
Very Fair,#DDD199,221,209,153,Tan
Very Fair,#CFBAAA,207,186,170,Tan
Very Fair,#B1D2CE,177,210,206,Seafoam
Very Fair,#DDB3BA,221,179,186,Tan
Very Fair,#C2E1E5,194,225,229,Lavender
Very Fair,#AAD0AC,170,208,172,Seafoam
Very Fair,#B4CF82,180,207,130,Tan
Very Fair,#D1BD83,209,189,131,Tan
Very Fair,#C7C9A5,199,201,165,Tan
Very Fair,#CFCBD6,207,203,214,Lavender
Very Fair,#CDD0A3,205,208,163,Tan
Very Fair,#C7E5C8,199,229,200,Seafoam
Very Fair,#CBBEB7,203,190,183,Tan
Very Fair,#EFDDE0,239,221,224,Beige
Very Fair,#E6D2E2,230,210,226,Lavender
Very Fair,#DDCEC1,221,206,193,Peach
Very Fair,#C6B8BF,198,184,191,Tan
